,d2v_nostem,d2v_stem,w2v_nostem,w2v_stem,glove
UMNSRS_sim,0.48159439435606777,0.5648474835453888,0.6141947151852856,0.6351249592973347,0.31805256822637873
UMNSRS_rel,0.31279239410258325,0.3253523842755629,0.4470603958950326,0.4075898995544969,0.24409142921820406
