,d2v,w2v,glove,w2v_no_phr
UMNSRS_sim,0.493038574235628,0.5975545743385042,0.26025477588382295,0.493038574235628
UMNSRS_rel,0.37906545820534443,0.4809827508528531,0.2199798903912043,0.37906545820534443
